Vezeteknev,Keresztnev,Mobil szam,Otthoni szam,Munkahelyi szam,Lakcim_kozterulet,Lakcim_kozt_tip,Lakcim_hazszam,Lakcim_varos,Lakcim_irsz,Mhely_kozterulet,Mhely_kozt_tip,Mhely_hazszam,Mhely_varos,Mhely_irsz,Ceg,Osztaly,Beosztas,Email,Szuletesnap
Kovacs,Janos,2123414,nincs,1231231,Tulipan,ut,11,Pomaz,111,nincs,nincs,nincs,nincs,nincs,nincs,nincs,nincs,nincs,19780424
Elekes,Tamas,134134,1341341,nincs,Rozsa,krt,5,Vac,2123,nincs,nincs,nincs,nincs,nincs,nincs,nincs,nincs,nincs,nincs
Neves,Karoly,4134,nincs,1341134,Narcisz,utca,1,Szigliget,3124,Mezo,utca,89,Pecs,1234,Azur,nincs,konyvelo,nincs,nincs
Nagy,Imre,nincs,123413,nincs,Pipacs,ter,123,Siofok,1234,nincs,nincs,nincs,nincs,nincs,nincs,nincs,nincs,nincs,nincs
Szabo,Jeno,3212312,nincs,nincs,Liliom,koz,43,Tiszafured,4321,nincs,nincs,nincs,nincs,nincs,nincs,nincs,nincs,info@info.hu,nincs
Remek,Elek,1231233,1341341,1341341,nincs,nincs,nincs,Kartal,,nincs,nincs,nincs,nincs,nincs,nincs,nincs,nincs,nincs,nincs
